1:07,"Ragal Aji Sax ji di njàlbéenu xam-xam,
te xel mu rafet akub yar, dof yaa ko xeeb."
1:08,"Doom, toppal yaru baay,
te bul wacc ndigalu yaay."
1:09,"Kaala gu jekk la ci bopp,
di gànjar ci baat."
1:10,"Doom, bàkkaarkat bu la xiirtal, lànkal."
1:11,"Dañu la naan: «Dikkal, nu tëruji bakkan,
yeeruji jàmbur bu deful dara."
1:12,"Nanu mel ni njaniiw, mëdd kuy dund,
mu jekki tàbbi biir bàmmeel."
1:13,"Mboolem alal ju réy, nu jagoo,
yeb sunu biir kër, mu fees."
1:14,"Dikkal nu far,
mbuus miy benn, nu bokk.»"
1:15-16,"Doom, bul ànd ak ñoom ciw yoon,
bul jaare fa ñuy jaar,
ngir dañuy xélu, nar musiba,
di gaawtuy sànk bakkan."
1:17,"Doo firib caax,
ba jàpp njanaaw luy xoole."
1:18,"Ñii kat seen bopp lañuy fiir,
seen bakkanu bopp lañu sànk."
1:19,"Képp kuy lekk lu lewul, nii lay mujje:
wutin wu lewul jël bakkanu boroom."
1:20,"Xel mu Rafet a ngay woote ca mbedd ma,
di xaacu ca pénc ma."
1:21,"Ma ngay wootee béreb yu gëna xumb,
di dégtaley kàddoom ca buntu dëkk ba."
1:22,"Ma nga naan: «Moo téxét bi, foo àppal sa téxét gi?
Ñaawlekat bi, foo àppal sa ñaawle bi?
Dof bi, ñaata yoon ngay bañ xam-xam?"
1:23,"Soo dëppee ba déglu, ma artu la.
Ma ne, kon ma xellil la samam xel,
xamal la samay kàddu."
1:24,"Damaa woote, nga gàntal,
ma tàllal loxo, faaleesu ma."
1:25,"Sofental nga samay digle,
nanguwoo samay artu."
1:26,"Kon boo sëngéemee, man it ma ree,
njàqare dab la, may tex-texi."
1:27,"Njàqare di ngëlén, dab la,
sa musiba def callweer, buub la,
njekkar ak fitna dal la."
1:28,"«Keroog nga woo ma wall, duma wuyu,
nga seet ma, seet, doo ma gis."
1:29,"Daa fekk nga baña xam,
te ragal Yàlla du loo tànn."
1:30,"Dégluwoo samay digle it,
xanaa xeeb samay artu yépp."
1:31,"Waaye loo ci góobe, gar ko,
say pexe suur la këll."
1:32,"Déggadi sànk ab téxét,
naagu rey ab dof."
1:33,"Waaye déggal ma, dëkke jàmm,
tàggook njekkar ak safaan.»"
2:01,"Sama doom, déggal samay wax,
fonk samay santaane."
2:02,"Teewlul xel mu rafet,
sam xel di dégg."
2:03,"Ngalla wutala dégg,
wool dég-dég wall."
2:04,"Sàkkul xel mu rafet ni xaalis,
wut ko ni alal ju làqu."
2:5-6,"Kon nga xam luy ragal Aji Sax ji,
xam Yàllaa di kan;
ndax Aji Sax jeey maye xel mu rafet,
kàddoom di taxa xam, di dégg."
2:07,"Day dencalal ndam kiy jubal,
di yiir ku mat."
2:08,"Day wattu ku jub fu mu jaare,
di sàmm wóllëreem ciw yoon."
2:09,"Kon nga xam njub ak yoon,
xam jubal ak mboolem yoonu mbaax."
2:10-13,"Ndax xel mu rafet miy tàbbi sa xol,
nga xam, sa xol tooy,
nga foog, fegu,
amug dégg, raw,
mucc ci yoonu ku bon
ak kuy wax lu jekkadi,
mucc ci kuy wacc yoonu njub,
di jaare mbedd yu lëndëm."
2:14,"Kon nga mucc ci kuy def lu bon,
tey bànneexoo lu jekkadi."
2:15,"Yoonu ku ni mel day lunk,
jaaruwaayam dëng."
2:16,"Xel mu rafet da lay musal ci jigéenu njaalookat,
bokk feneen, di wax lu neex."
2:17,"Day dëddu wóllëreem, ba muy ndaw,
fàtte kóllëreem ak Yàllaam."
2:18,"Këram day joy wuti dee,
ay jaaruwaayam jëm njaniiw."
2:19,"Ku dem ca moom dootoo délsi,
doo gisati yoonu dund mukk."
2:20-21,"Kon nag aweel mbeddum waa ju baax,
toppal yoonu defkatu njekk,
ndax kuy jubal ay dëkke réew mi,
te ku mat a fiy des."
2:22,"Ku bon, ñu génne réew mi;
kuy fecci worma, ñu buddi, sànni."
3:1-2,"Doom, bul fàtte sama njàngale,
defal sa xel ci saay santaane,
ngir fan wi gudd lool,
nga gëna am jàmm."
3:03,"Bu la ngor ak worma dëddu,
booleel takk ci sa baat,
bind ko ci sa àlluway xol."
3:04,"Kon nga xam lu jaadu,
neex Yàllaak doom aadama."
3:05,"Nanga wóoloo Aji Sax ji sa léppi xol,
te bul wéeru ci saw déggin."
3:06,"Loo mébét, bàyyil Yàlla xel,
mu xàllal la yoon."
3:7-8,"Bul doyloo sa xel mu rafet,
ragalal Aji Sax ji, dëddu mbon;
sa yaram wér,
say cér naat."
3:9-10,"Teralal Aji Sax ji ci sa alal
ak loo njëkka meññle,
say sàq day fees, ne xéew,
say mbàndi ndoxi reseñ di wal."
3:11-12,"Doom, bul xeeb yaru Aji Sax ji,
bul bañ mu waññi la,
ndax Aji Sax ji, ku mu sopp, yar la,
ni baay, ak doom ju ko neex."
3:13,"Mbégtee ñeel ku daj xel mu rafet
ak ku amug dégg."
3:14,"Am koo gën am xaalis,
te njariñ laa raw wurus."
3:15,"Xel mu rafet a gën gànjar;
loo mana bëgg moo ko raw."
3:16,"Gudd fan, mu joxee ndijoor;
càmmoñ ba, alal ak teraanga."
3:17,"Fa muy jaare yiw la,
fu mu awe jàmm la."
3:18,"Mooy garab giy taxa dund
ci ku ko jàpp,
di mbégtey ku ca ŋoy."
3:19,"Aji Sax ji xel mu rafet la sose suuf,
lale asamaan ag dégg."
3:20,"Ci xam-xamam la ndoxi xóote ya ne jàyy,
ay niir di lay."
3:21,"Sama doom, saxool xelu akug foog,
dee ci xool foo tollu."
3:22,"Day guddal saw fan,
di rafetal sa jikko."
3:23,"Kon sab dox wóor,
doo fakkastalu."
3:24,"Soo tëddee doo tiit;
say nelaw day neex."
3:25-26,"Kon doo ragal njàqare lu bette
ak saay-saay buy songe,
ndax Aji Sax ji da lay yiir,
di la musal cig fiir."
3:27,"Bul xañ njekk ku ko yelloo,
ndegam man nga ko."
3:28,"Bul ne say dëkk: «Demal ba beneen, ma jox la,»
te fekk la yor."
3:29,"Bul fexeel dëkkandoo
bu dëkk ak yaw ci kóolute."
3:30,"Bul joteek kenn ci neen,
te tooñu la."
3:31,"Bul ñee ku néeg,
te bu ko roy fenn."
3:32,"Aji Sax ji daa sib ku dëng,
xejjoo kuy jubal."
3:33,"Aji Sax ji day alag kër ku bon,
di barkeel waa kër ku jub."
3:34,"Kuy ñaawle, moo lay ñaawal,
ku toroxlu, mu may law yiw."
3:35,"Teraanga di céru ku rafet xel,
ab dof gàccoo gàcce."
4:01,"Gone yi, tee ngeena dégg yaru baay,
te déglu, ba amug dégg."
4:02,"Maa ngi leen di jàngal lu baax,
buleen fàtte sama njàngale."
4:03,"Man it amoon naa baay,
di benn bàjjo ci saa ndey."
4:04,"Baay digal ma, ne ma:
«Jàppal samay wax ci sam xel,
di jëfe samay santaane, ba dund."
4:05,"Amal xel mu rafet akug dégg.
Bul fàtte te bul moy samay wax."
4:06,"Bul dëddu xel mu rafet, da lay aar;
sopp ko, mu sàmm la."
4:07,"Njàlbéenu xel mu rafet mooy sàkku ko;
ak loo mana am, amalug dégg."
4:08,"Nawal xel mu rafet, mu darajaal la;
tafoo ko, mu teral la."
4:09,"Da lay takkal kaala gu jekk,
solal la mbaxanam buur.»"
4:10,"Déglul, doom, te dégg saay wax,
ndax nga gudd fan."
4:11,"Yoon wu xelu laa la teg,
jaarloo la yoonu njub."
4:12,"Doo dox ba tërëf,
doo daw, téqtalu."
4:13,"Ŋoyal cib yar, bul yoqi,
sàmm ko, moo yor sa bakkan."
4:14,"Yoonu ku bon, bu ci tegu;
fu ab soxor di jaar, bu fa dox."
4:15,"Moyul, bu fa jaare;
mbasal te wéy!"
4:16,"Ku bon du nelaw te lorewul,
du dajjant ba kera muy téqe."
4:17,"Daa bon, def ko lekk,
di màndee coxoram."
4:18,"Yoonu ku jub day leer,
ba ne ràññ ni bëccëg."
4:19,"Yoonu ku bon ne këruus,
du xam lu muy téqtaloo."
4:20,"Doom, déglul samay kàddu,
teewlul samay wax."
4:21,"Bu ci noppee ja jàkk,
te jàpp ko ci sa biir xel."
4:22,"Mooy dundloo ku ci jàpp,
di wéral jëmmam jépp."
4:23,"Sàmmal a sàmm sab xol,
nde xalaati xol ngay jëfe."
4:24,"Dàqal wor, mu sore la;
kàdduy naxe, na la dànd."
4:25,"Xooleel, sa bët ne jàkk,
ngay xool sa kanam màkk."
4:26,"Seetlul fi ngay teg tànk,
ba foo awe, mu wóor."
4:27,"Bul jàdd, ndijoor mbaa càmmoñ,
na sa tànk moyu lu bon."
5:1-2,"Sama doom, déglul sama xel mu rafet,
teewlul sama déggin,
kon nga saxoo foog,
say wax tegu ci xam-xam."
5:03,"Lu mel ni lem la jigéenu njaalookat di wax,
làmmiñ wa ni diw gu ñu lay raay."
5:04,"Muj ga mu wex xàtt,
di gaañe ni ñawkay saamar."
5:05,"Tànk ya day bartalu wuti dee,
ay jéegoom àkki njaniiw."
5:06,"Rëddul yoonu dund,
daa lajj, te xamu ko."
5:07,"Kon, samay doom, dégluleen ma,
buleen wacc samay kàddu."
5:08,"Soreel ndaw soosu,
bul jege bunt këram."
5:09,"Kon nga ñàkk daraja, keneen jagoo;
ku néeg bóom la."
5:10,"Jàmbur jariñoo sa doole,
doxandéem jagoo saw ñaq."
5:11,"Ngay mujje onk,
desey yax, jeex tàkk."
5:12,"Nga naan: «Su ma yégoon, sopp ab yar
te baña sofental waxi artu."
5:13,"Lu ma tee woona dégg ku may digal,
tey teewlu sama waxi sëriñ ya?"
5:14,"Tuuti ma yàqu yaxeet
fi kanam ñépp!»"
5:15,"Naanal ci sa mbalkam bopp,
ndox ma balle sa teenu bopp."
5:16,"Xanaa doo wasaare sa bëti ndox ca biti,
mu def ay wal ca pénc ya?"
5:17,"Nay sa alal, yaw doŋŋ,
ku bokk feneen bokkul."
5:18,"Yal na sa naanukaay barkeel,
nga bànneexoo kiy sa jabar ba ngay ndaw."
5:19,"Aka sopplu te jekk!
Na lay céram doy foo tollu,
na la xañ sago saa su ne."
5:20,"Doom, ana looy xemmeme keneen,
bay fowe céri jàmbur?"
5:21,"Lu waay jëf, Aji Sax ji gis,
di xool mboolem fu mu jaare."
5:22,"Jëf ju bon day fiir ka ko sàlloo,
bàkkaaram di mbaal, jàpp ko."
5:23,"Ñàkk yar, dee;
ndof gu réy, sànku."
6:1-2,"Doom, dangaa gàddul nit bor,
dige feyal jàmbur,
saw làmmiñ yeb la cim pax,
nga keppu?"
6:03,"Yaa ngi ci sa loxoy moroom,
kon defal nii, doom, ba rëcc:
doxal tinuji ko,
raamali ko."
6:04,"Bul gëmm,
bul nelaw!"
6:05,"Dawal ni kéwél gu rëccub rëbb,
ne fërr ni picc mu raw ab fiirkat."
6:06,"Yaafus bee, xoolal xorondom,
seetal ci moom, ba muus."
6:07,"Du ku ko yilif mbaa ku koy sas,
te jiiteesu ko."
6:08,"Bu jotee mu denc ab dundam,
mu jot, mu for lekkam."
6:09,"Moo yaafus bi, foo àppal tëraay bi?
Loo deeti xaar ci yewwu?"
6:10,"Ngay dajjant aka for bët,
di tegley loxooka jaaxaan."
6:11,"Néewlee ngi lay dikkal nib sàcc,
ñàkk gànnaayul la."
6:12-14,"Ku tekkeedi te bon,
day wër di fen,
day piis, di wokkeb tànk,
di waxe baaraam,
jekkadiy xalaat, di mébét lu bon
aka yokku ay."
6:15,"Moo tax musiba di jekki dal ko,
mu jekki yàqu, ba wees paj."
6:16-19,"Juróom benn a ngii yu Aji Sax ji bañ,
ba ci juróom ñaar yu mu seexlu:
kuy daŋŋiiral,
kuy fen,
kuy rey nit ku deful dara,
kuy fexe lu bon ci xolam,
kuy gaawtuy def lu ñaaw,
seede buy fen rekk,
rawatina kuy yokku ay ci biiri bokk."
6:20,"Doom, defal li la baay sant,
te bul wacc ndigalal yaay."
6:21,"Takkal foo tollu, taf ci sa xol,
fas ko ci sa baat."
6:22,"Booy dox mu di la jiite,
nga tëdd, mu di la sàmm,
nga yewwu, mu di la waxal."
6:23,"Santaane da lay niital, ndigal leeralal la,
artookub yar di yoonu dund."
6:24,"Da lay aar ci ndaw su bon
ak jabaru jàmbur ak làmmiñam wu neex."
6:25,"Bu ko xemmeme taaram,
bumu la fiir aki lamsal."
6:26,"Dogu mburu fey nab gànc;
waaye jabaru jàmbur, bakkanu lëmm."
6:27,"Te ku ne sawara cas, tafoo,
lakk say yére."
6:28,"Ku dox ciy xal it,
say tànk ñor."
6:29,"Mooy ànd ak jabaru jàmbur,
ku ko def gis ko."
6:30,"Deesul sikk ku sàcc aw ñam,
def ci biiram ndax xiif."
6:31,"Waaye bu feeñee, fey boroom juróom ñaari yoon,
joxe alalu këram yépp."
6:32,"Njaaloo di ñàkk bopp,
kuy sànk bakkanam a koy def."
6:33,"Mbugal ak toroxte dib añam,
te gàcceem du deñ."
6:34,"Fiiraange day feesal xolu góor,
te du ñéeblu buy feyu."
6:35,"Du faale ndàmpaay,
loo ko may, may, du giif."
7:01,"Doom, sàmmal samay wax,
fonk samay santaane."
7:02,"Jëfeel samay santaane, ba dund,
jàppal samay ndigal sa fukki loxo."
7:03,"Takkal ci say waaraam,
bind ko ci sa àlluway xol."
7:04,"Safool xel mu rafet, muy sab jigéen,
te nga xejjoo dég-dég ni sa mbokk lenqe."
7:05,"Dina la aar ci jigéenu njaalookat,
bokk feneen, di wax lu neex."
7:6-7,"Damaa tollu sama palanteer,
séentu ca xarante ya,
séen ca biir téxét ya,
ku ma seetlu ca xale yu góor ya,
muy ku ñàkk bopp."
7:08,"Muy dem ba fa ndaw say taxaw, ca selebe yoon wa,
daldi wuti kër ndaw sa."
7:09,"Ngoonug suuf la, jant biy lang,
muy lëndëm di gëna guddi."
7:10,"Ndaw si jekki dajeek moom,
sol yérey gànc, lal pexeem."
7:11,"Daa xumb, të,
du toog këram."
7:12,"Ma nga ca mbedd ma, ne ca pénc ya,
ruqoo ruq, ma ngay yeeroo."
7:13-14,"Ndaw sa ne ko katam, fóon,
ne wajj, ne ko:
«Tey matal naa la ma digoon Yàlla,
yàppu bernde waa nga kër ga, saraxu cant la."
7:15,"Moo ma taxa dikk dajeek yaw.
Seet naa laa seet, ba gis la."
7:16,"Lal naa saab lal, ba mu jekk,
di malaan yu yànj, bawoo Misra."
7:17,"Lal ba, ma xeeñal, mu ne bann,
di ndàbb, cuuraay ak xas mu neex."
7:18,"Dikkal, nu baanee baane, ba bët set,
te bànneexu ci mbëggeel."
7:19,"Sama jëkkër newu fa,
daa dem yoon wu sore."
7:20,"Mbuusum xaalis la ŋàbb, yóbbu,
du ñibbisi ndare weer wi fees dell.»"
7:21,"Muy mocc aka moccaat, ba nax ko,
di wax lu neex, ba man ko."
7:22,"Waa ja jekki, topp ko,
mbete yëkk wu ñuy rendiji,
mbaa dof bu ñu jéng, di ko yari."
7:23,"Mooy picc mu tàbbi cig fiir.
Du xam ne day dee,
ba keroog fitt jam ko ci xol."
7:24,"Kon nag, samay doom, dégluleen ma,
teewluleen samay wax."
7:25,"Bu leen soosu ndaw xiir ci moy,
buleen teggi, topp ko."
7:26,"Bare na ku dee, moo ko rey,
maneesula waññ ñi mu rey ñépp."
7:27,"Këram yoonu njaniiw la,
daa bartalu, tàbbi néegi dee."
8:01,"Déggal! Xel mu Rafet di soxna saa ngi woote,
moom soxna si Am Dégg di xaacu."
8:02,"Ma nga taxaw ca selebe yoon ya,
fu gëna kawe ca yoon wa."
8:3-4,"Ma nga ca buntu dëkk ba, taxaw;
fa nit ñay jaare lay xaacoo naan:
«Yeen mbooloo yi laay woo,
doom aadama yi laay joor."
8:05,"Téxét bi, deel foog,
dof bi, déggal ndéey lu xelu."
8:06,"Déglul, ma wax la lu am solo,
dégtal la njub."
8:07,"Dëgg laay wax,
di bañ wax ju bon."
8:08,"Lu ma wax njub la.
Amul lu dëng mbaa lu jekkadi."
8:09,"Lépp a dëggu ci ku amug dégg,
te jub ci ku for xam-xam."
8:10,"Na la samab yar gënal xaalis,
xam-xam dàqal la ngën-gi-wurus."
8:11,"Ndax man, Xel mu Rafet, maa gën gànjar,
loo bëgg maa ko raw."
8:12,"«Man, Xel mu Rafet, foog di sama kër;
xam-xam ak pexe, ma for."
8:13,"Ragal Aji Sax ji mooy bañ lu bon.
Réy, xeebaate, yoonu mbon,
ak wax ju jekkadi, ma boole bañ."
8:14,"Maa moomi digle, di maye gis-gis;
maa amug dégg, di boroom doole."
8:15,"Samay pexe la buur di jiitee,
kilifa di ci àttee dëgg."
8:16,"Ci samay pexe la njiit di saytoo,
ñook kàngam yeek ñiy àtte dëgg ñépp."
8:17,"Maa sopp ku ma sopp,
ku ma seet tigi, gis ma."
8:18,"Alal ak teraangaa ngi fi man,
am-am bu sax it ak yoolu njekk."
8:19,"Li may mayee gën wurus, muy wurus wa gën,
sama njariñ wees xaalis ba gën."
8:20,"Yoonu njub laay jaare,
di dox ci li jaadu."
8:21,"Ku ma sopp, ma nàddil la,
feesal sab denc.»"
8:22,"Soxna si, Xel mu Rafet nee na:
«Aji Sax ji jagoo na ma ca njàlbéen,
ma jiitu ca jëfam ya woon."
8:23,"Bu yàgg lañu ma dëj,
ca ndoorte la, bala suuf a sosu."
8:24,"Ba may dikk, géej amul,
ndox ballul bay fees, di wal-wali."
8:25-26,"Dikk naa bala tund yu mag yee sampu,
lu jiitu tund yu ndaw yi,
laata Yàllaa sàkk suuf aki àllam
ak feppu pënd ci àddina."
8:27-29,"Ba muy taxawal asamaan, maa nga fa,
ak ba muy rëdd fa asamaan taseek géej,
ak ba muy teg niir ya fa kaw,
ak ba muy dooleel ndoxi xóotey géej,
ak ba muy sàkkal géej kemoom,
ba du jàll fa mu wax."
8:30,"Ba muy rëdd fa muy samp àddina,
man, Xel mu Rafet, maa doon ku xareñ ci wetam,
di ko bànneexal bés bu ne,
tey bànneexu fi kanamam."
8:31,"May bége wërngalu àddinaam,
di bànneexoo doomi aadama."
8:32,"«Kon nag, samay doom, dégluleen ma.
Mbégte ñeel na ki may topp."
8:33,"Nangeen déglu ku leen di yar, daldi muus.
Buleen ko sàggane!"
8:34,"Mbégte ñeel na ki may déglu,
di teewlu ca sama bunt bés bu nekk,
di ma toogaanu sama bunt kër."
8:35,"Ku ma daj, gudd fan,
Aji Sax ji bége la."
8:36,"Ku ma moy loru,
ku ma bañ, daa repp.»"
9:01,"Soxna si, Xel mu Rafet daa tabax këram,
yatt juróom ñaari kenoom."
9:02,"Mu rendi ag juram, njafaan ay biiñam, xelli,
taaj ay ndabam."
9:3-4,"Xel mu Rafet yónni ay janqam,
di wootee fu kawee kawe ca dëkk ba,
naan: «Képp ku téxét, jàddal ba fii!»"
9:05,"Ku ñàkk bopp, mu ne ko:
«Kaay, ma may la, nga lekk,
xellil la biiñ bi ma njafaan, nga naan."
9:06,"Dëddul jëfi téxét ba dund,
di jubal ci yoonu dégg.»"
9:07,"Artu kuy ñaawle, feyoo saaga rekk,
yedd ab soxor, yooloo loraange."
9:08,"Bul yedd kuy ñaawle, da lay jéppi;
yeddal ku rafet xel, mu naw la."
9:09,"Xelalal ku xelu, mu yokku.
Xamalal ku jub, mu yokk njàngam."
9:10,"Ragal Aji Sax ji di njàlbéenu rafet xel,
xam Aji Sell ji di amug dégg."
9:11,"Maay Xel mu Rafet, ku ma topp gudd fan,
dund, dundati."
9:12,"Rafet xel, jariñu,
kuy kókkalee, wéetook sa añ."
9:13,"Soxna si, Jigéen ju Dof day xumb,
reew, du xam lu xew."
9:14-15,"Day toog bunt këram,
mbaa fu kawee kawe ca dëkk ba,
di woo ña fay jaare
te jubal seenu yoon."
9:16,"Ma nga naa: «Képp ku téxét, jàddal ba fii!»"
9:17,"Ku ñàkk bopp, mu ne ko:
«Ndox mu lewul a neex,
ñamu làqu-lekk dàqati.»"
9:18,"Waaye kooka du xam ne waa njaniiw a nga fa,
te ku wuyuji, tàbbi biir bàmmeel."
10:01,"Kàddu yu xelu yu Suleymaan.
Doom rafet xel, baay ba bég;
doom dof, ndey ja tiis."
10:02,"Alal ju lewul du jariñ;
jub, mucc ci gàtt fan."
10:03,"Aji Sax ji du seetaan kiy def njekk, di xiif,
waaye day xañ ab soxor la mu xemmem."
10:04,"Yaafus, walaakaana;
farlu, woomle."
10:05,"Ku ngóob jot, nga góob, xelu nga;
ngóob taxaw, ngay nelaw, gàcce la."
10:06,"Jub, barkeelu;
ku soxor, wax ja làq fitna."
10:07,"Ku jëfe njekk barkeel, saw tur du fey;
ab soxor, turam seey."
10:08,"Ku rafet xel day jëfe santaane,
ab dof wax a wax, ba loru."
10:09,"Màndu, fegu;
dëng, weeru."
10:10,"Piiseek làq-làqal, sabab njàqare;
ab dof wax a wax, ba loru."
10:11,"Kàdduy ku jub bëtu ndox la, day naatal;
waaye ku soxor, wax ja làq fitna."
10:12,"Mbañeel ak ayoo;
cofeel ak jéggale bépp tooñ."
10:13,"Kuy dégg, say wax rafet;
te ku ñàkk bopp, yelloo yetu gannaaw."
10:14,"Ku rafet xel day xam, ne cell;
bu dof noppiwul, yàqule teew."
10:15,"Alal day aar boroom ni ab tata,
ñàkk di lor baadoolo."
10:16,"Kiy jëfe njekk jot peyam, dunde;
ab soxor di bàkkaare alalam."
10:17,"Yaru, gudd fan;
sàgganey artu, sànku."
10:18,"Ku la nëbbal mbañeel, da lay fen;
kuy wër di sos, ab dof la."
10:19,"Wax ju bare, moy ñàkku ca;
ku moom sa làmmiñ, xelu nga."
10:20,"Kàddug boroom njekk di ngën-gi-xaalis,
xelum coxor amul solo."
10:21,"Kàdduy boroom njekk jariñ na ñu bare,
dof ñàkk na bopp, ba far dee."
10:22,"Barkeb Aji Sax jeey maye alal,
kër-këri taxula barele."
10:23,"Jëf ju bon la dof di fowe;
ku am dég-dég safoo lu xelu."
10:24,"Ab soxor, li mu ragal moo koy dab;
nammeelu kiy def njekk nag day sotti."
10:25,"Bu ngëlén walee, ab soxor ne mes;
kiy def njekk, sab reen sax ba fàww."
10:26,"Ndaw lu tayel ca ka yónnee
daa mel ni lu forox ciy gëñ mbaa saxaar ciy gët."
10:27,"Ragal Aji Sax ji, gudd fan;
soxor, gàtt fan."
10:28,"Kiy def njekk day séentu mbégte, gis ko;
ab soxor yaakaar, yàkki."
10:29,"Aji Sax jeeki nammeelam rawtu la ci ku mat,
di sànkute ci kuy def lu bon."
10:30,"Kiy def njekk deesu ko daaneel mukk,
ku soxor du yàgg cim réew."
10:31,"Kàddug boroom njekk day jur xel mu rafet,
ku wax njekkar ñu tëj sa gémmiñ."
10:32,"Boroom njekk day xam wax ju yiw;
ab soxor sàlloo waxi njekkar."
11:01,"Aji Sax ji bañ na njublaŋ ci nattub diisaay,
ay nattukaay na mat, muy bànneexam."
11:02,"Ku réy-réylu rus;
woyofal ndax nga xelu."
11:03,"Kuy jubal, jiital mat.
Njublaŋ ak wor, detteelu."
11:04,"Alal du jariñ bésu mbugal;
jub, mucc ci gàtt fan."
11:05,"Ku mat, dëgg xàllal la;
coxor daaneel boroom."
11:06,"Jubalal, sa jëfi njekk musal la;
ab workat day bëgge, ba far keppu."
11:07,"Ab soxor saay, yaakaaram seey,
rawatina yaakaar ju sës ci alal."
11:08,"Ku jub mucc ci njàqare,
ab soxor wuutu ko ca."
11:09,"Ay sos la yéefar di loree dëkkandoom,
waaye kiy jëfe njekk, xam-xam la cay mucce."
11:10,"Kiy jëfe njekk baaxle, waa dëkkam bànneexu;
ab saay-saay saay, mbégte dim riir."
11:11,"Barkeb kiy jëfe njekk teral nab dëkk,
kàddug ku soxor tas nab dëkk."
11:12,"Waxi xeebaate ñàkk bopp la,
ku am ag dégg day noppi."
11:13,"Kuy wër di sos dangay wuññi sutura,
ku jara wóolu dangay am bàmmeelu biir."
11:14,"Tegtal tumurànke, am réew suux;
digle bare, ndam dikk."
11:15,"Bul gàddul kenn bor, di loru;
bañ koo dige, daldi am jàmm."
11:16,"Jigéen, na yiw, ñu sagal ko;
góor gu néeg, alal doŋŋ."
11:17,"Ku baax, boppam;
ku bon, boppam."
11:18,"Coxor feyul boroom, day naxe;
deel def njekk, sag pey wóor."
11:19,"Saxoo njekk, dund;
sàlloo mbon, dee rekk."
11:20,"Aji Sax ji bañ na njublaŋ,
safoo ki mat."
11:21,"Ab soxor mbugalam du jaas, wóor na;
te ku jëfe njekk, saw askan mucc."
11:22,"Taaru jongama ju xel maa gàtt,
mooy jaaro wurus ci noppu mbaam-xuux."
11:23,"Kiy jëfe njekk, lu baax rekk lay sàkku;
soxor biy yaakaar, mujje mbugal."
11:24,"Nit a ngi tabe, di yokkule;
nit di nëŋ-nëŋi, gëna ñàkk."
11:25,"Ku yéwén, woomle;
kuy suuxat, suuxu."
11:26,"Nit a ngi móolu kuy denc pepp, ba mu ñàkkee,
di gërëm ka koy jaay."
11:27,"Wutal a wut lu baax, ñu nawloo la;
ku sàkku lu bon, yaa koy yenu."
11:28,"Ku yaakaar sa alal sab jéll a ngi ñëw,
ku jub day juble ni gàncax gu naat."
11:29,"Kuy fitnaal sa waa kër doo donn dara,
ku dof, boroom xel yilif la."
11:30,"Kuy jëfe njekk mbete garab guy taxa dund,
ku rafet xel am nit ñi."
11:31,"Kuy jëfe njekk, jot yoolam ci kaw suuf,
ku soxor keek bàkkaarkat bi it daw raw."
12:01,"Ku bëgga xam, bëgg ku la yedd;
ku bañ ku la artu, bàyyima nga."
12:02,"Ku baax, Aji Sax ji bége la;
kuy fexe lu bon, mu daan la."
12:03,"Ab soxor, taxawaayam du yàgg;
kuy jëfe njekk garab la, reen ba ne kekk."
12:04,"Jeeg bu jàmbaare day teral jëkkër ja,
jeeg buy rusloo day semmal jëkkër ja."
12:05,"Boroom njekk, lu jekk lay mébét;
ab soxor di lal pexey wor."
12:06,"Ab soxor, waxam am tëru la, day reye;
kàdduy kiy jubal di musle."
12:07,"Ab soxor bu daanoo, jeex na;
ku jub, sa kër taxaw, ne këcc."
12:08,"Xel mu ñaw, jëw bu rafet;
sam xel jekkadi, ñu xeeb la."
12:09,"Woyof mbubb, am benn surga doŋŋ,
moo gën réyal turki tey dee ak xiif."
12:10,"Ku jub day toppatoo ag juram,
ab soxor néeg cig juram."
12:11,"Beyal sab tool, sab dund doy;
topp ay caaxaan ñàkk bopp la."
12:12,"Ab soxor ay xemmem alal ju lewul,
kiy jëfe njekk garab la, reen baa ko meññal."
12:13,"Bàkkaaru làmmiñ dugal na boroom,
ku jub mucc ci njàqare."
12:14,"Làmmiñ reggal na boroom;
ñaq, jariñu."
12:15,"Na dof di jëfe, njub la ci moom;
dégg ndigal rafetum xel la."
12:16,"Ab dof bu meree, mu gaawa feeñ;
ku teey, tanqamlu saaga."
12:17,"Ku dëggu, seede dëgg;
seede bu bon, fen rekk."
12:18,"Làmmiñu waxkat, jam-jami jaasi;
kàddu gu xelu, garab la ci."
12:19,"Kàdduy dëgg, day sax dàkk;
fen, xef-xippi, mu wéy."
12:20,"Kuy ràbb lu bon lal pexey wor,
kuy digle jàmm, am mbégte."
12:21,"Ku jub du ami ay,
ab soxor du tàggook musiba."
12:22,"Aji Sax ji sib na fen-kat,
safoo ku dëggu."
12:23,"Nit ku ñaw day xam, ba ca;
ab dof siiwal waxi dofam."
12:24,"Njaxlaf, jiitu;
yaafus, des gannaaw."
12:25,"Njàqare day jeexal xolu boroom,
wax ju neex di tooyal xolam."
12:26,"Ku jub day xool ku muy xaritool;
soxor bi, jikkoom a koy sànk."
12:27,"Ab yaafus bu rëbbee, sooy;
cawarte koom la."
12:28,"Jaaral ci njub, ba gudd fan;
yoon wu baax deesu fa deewe."
13:01,"Doom ju xelu dégg yaru baay,
kuy ñaawle faalewuli artu."
13:02,"Wax ju rafet yool na boroom,
workat fitna la namm."
13:03,"Moom sa làmmiñ, sàmm sa bakkan;
rattaxle, yàqule."
13:04,"Ab yaafus day yaakaar, du am;
ab njaxlaf sàkku, woomle."
13:05,"Ku jub bañ na ay fen,
ku soxor di indi gàcceek yeraange."
13:06,"Ku mat day jub, ba fegu;
moykat soxor, ba sànku."
13:07,"Nit a ngi am-amlu, amul dara;
nit di dee-deelu te fees dell."
13:08,"Ku am ay feye alalam, ba mucc;
ku amul deesu ko tëkku."
13:09,"Ku jub day leer nàññ,
ab soxor mel ni taal bu fey."
13:10,"Réy-réylu jote rekk lay jur,
ku dégg ndigal a xelu."
13:11,"Alal ju lewul day naaw;
foral benn-benn, ba barele."
13:12,"Yaakaar ju tas day jeexal xol,
aajo ju faju di garab guy taxa dund."
13:13,"Ku sofental ndigalu Yàlla, yàqule;
ku jëfe santaane Yàlla, yoolu."
13:14,"Njàngale mu xelu day suuxat bakkan,
ba boroom du tàbbi ci fiiri dee."
13:15,"Dangay xam lu jaadu, ñu naw la;
yoonu workat day metti."
13:16,"Képp ku teey jëfe xam-xam;
ab dof ay siiwal ndofam."
13:17,"Ndaw lu bon day loru.
Ndaw lu wóor garab la ci nit."
13:18,"Ku sàggane yoonu yar, séddoo ñàkk ak gàcce;
kuy déggi artu, am teraanga."
13:19,"Aajo ju faju tooyal na xol,
te ab dof jomb naa dëddu mbon."
13:20,"Àndal ak ku xelu, sam xel rafet;
ku lëngookub dof, loru."
13:21,"Ay topp na moykat,
ku jub juble."
13:22,"Ku baax, donale ba cay sëtam;
alalu moykat, muuru ku jub."
13:23,"Ku néewle bey na, meññeef ne gàññ,
ñu àtte ko ñàkkal, mu ñàkk ko."
13:24,"Ku dul bantal sa doom, bëggoo ko.
Ku bëgg sa doom teel koo yar."
13:25,"Ku jub day lekk ba regg,
soxor ba dëkke xiif."
14:01,"Jigéen, rafet xel, dimbali waa këram,
su deeb dof, tas këram."
14:02,"Kuy jubal day ragal Aji Sax ji,
ku dëng teddadil nga ko."
14:03,"Ab dof a ngi réy-réylu, làmmiñam yar ko;
ku rafet xel, sa kàddu aar la."
14:04,"Su yëkk takkul, bey, sàq wéet;
mu beye dooleem, meññeef ne gàññ."
14:05,"Seede bu dëggu, dëgg rekk,
seede bu dëgguwul, fen rekk."
14:06,"Ab ñaawlekat day wut xel mu rafet, mu réer ko;
ku amug dégg, xam yomb la."
14:07,"Dàndal ab dof,
dof du la yokk xam-xam."
14:08,"Ku ñaw day xelu, xam li muy def;
ab dof di nax boppam."
14:09,"Ab dof, su bàkkaaree, yoonam!
Te ñay jubal a séq yiwu Yàlla."
14:10,"Tiisu xol, boroom a ko xam;
mbégte ma it jàmbur bokku ca."
14:11,"Ab soxor, këram day tas,
mbaarum ku jub di naat."
14:12,"Yoon a ngii, nit defe ne jub na,
te mu jëme ko ci dee."
14:13,"Nit a ngi ree, xol ba tiis,
te mbégte mujje na njàqare."
14:14,"Ku def njekkar sab añ mat,
ku baax gën law demin."
14:15,"Ab téxét, loo wax mu gëm;
ku ñaw xam fi ngay jaare."
14:16,"Ku xelu day ragal, di dëddu lu bon;
ab dof day ràkkaaju, du tiit."
14:17,"Ku gaawa mer, def jëfi dof,
te kuy fexeel nit, ñu bañ la."
14:18,"Ab téxét ndof ay céram,
ku ñaw jagoo xam-xam."
14:19,"Ku bon sujjóotal ku baax;
ku soxor ay yaakaar ku jub."
14:20,"Ku ñàkk, say dëkk sax bañ la;
ku barele, barey xarit."
14:21,"Ku xeeb sa dëkkandoo, bàkkaar nga;
ku baaxe ku ñàkk, mbégte ñeel la."
14:22,"Kuy mébét lu bon daa réer,
kuy mébét lu baax am nga ngor ak worma."
14:23,"Kër-këri, jariñu;
waxi neen, loxoy neen."
14:24,"Ku rafet xel jagoo alal,
ab dof ràngoo ndofam."
14:25,"Seede bu dëggu day jot bakkan,
kuy fen day wore."
14:26,"Ragal Aji Sax ji kaaraange gu wér la ci nit,
di rawtu ciy doomam."
14:27,"Ragal Aji Sax ji day suuxat bakkan,
ba boroom du tàbbi ci fiiri dee."
14:28,"Su mbooloo baree, buur am ndam;
fu nit ña néew, kilifa du fa dara."
14:29,"Muñ mer, déggin wu yaa;
gaawa tàng, gënatee dof."
14:30,"Xel mu dal, yaram wu naat;
fiiraange semmal boroom."
14:31,"Ku sonal ku ñàkk, tooñ nga Ka ko sàkk;
ku baaxe ku néewle, teral nga Ka ko sàkk."
14:32,"Coxor detteel boroom;
ku jub fegoo mànduteem."
14:33,"Kuy dégg, sam xel saxoo rafet;
ab dof sax xam na lu xelu."
14:34,"Àtteb dëgg day teral aw xeet,
moy di gàcceel aw askan."
14:35,"Buur day bége jawriñ ju xelu,
di mbugal nitu gàcce."
15:01,"Tont lu neex day giifal,
baat bu ñagas di jógal xol."
15:02,"Ku xelu àddu, xam-xam rafet;
ab dof di talalali."
15:03,"Aji Sax ji moo gis lépp,
di xool ku baax ak ku bon."
15:04,"Wax ju neex mooy garab guy taxa dund,
kàddu yu jekkadi di jeexal xol."
15:05,"Ab dof day xeeb yaru baay ba,
kuy dégg waxi artu, xelu nga."
15:06,"Kër ku jub, koom gu yaa;
ku jubadi, alalam jur fitna."
15:07,"Ku xelu àddu, xam-xam law;
ab dof amul xelam."
15:08,"Saraxub ku soxor, Aji Sax ji bañ na ko;
ñaanu kuy jubal da koy bége."
15:09,"Jëfi ku bon, Aji Sax ji seexlu na ko;
ku sàlloo jëf ju baax, safoo na la."
15:10,"Mbugal tar na, ñeel ku wacc yoon;
ku bañ waxi artu, dangay dee."
15:11,"Njaniiw ak biir suuf, Aji Sax ji di gis,
xolu doom aadama waxi noppi."
15:12,"Kuy ñaawle bëggul ku ko artu,
te du laaji ku rafet xel."
15:13,"Xol bu sedd, kanam gu leer;
xol bu tiis, boroom ne yogg."
15:14,"Ku amug dégg sàkku xam-xam,
ab dof di toppi caaxaan."
15:15,"Xol bu tiis, naqar wu sax;
xol bu neex, bànneex bu sax."
15:16,"Néewle te ragal Aji Sax ji
moo gën barele, sa bopp ubu."
15:17,"Njëlu ñetti xob fa ñu la soppe
moo dàq yàpp wu duuf fu ñu la bañe."
15:18,"Naqari deret, taalu ay.
Teey, fey fitna."
15:19,"Yoonu yaafus, dégi neen;
kuy jubal, saw xàll yaa."
15:20,"Doom rafet xel, baay ba bég;
te ab dof ay xeeb ndey ja."
15:21,"Jëfi dof a neex ku ñàkk bopp,
ku amug dégg def njub."
15:22,"Diisoo ñàkk, pexe sànku;
digle yu takku, pexe àntu."
15:23,"Nit bége na tontam lu dal,
kàddu gu jib fa mu ñoree neex!"
15:24,"Ku rafet xel, jubal nga yoonu gudd fan,
moyu teggi, ba jëm njaniiw."
15:25,"Ku bew, Aji Sax ji màbb sa kër;
ab jëtun, Aji Sax ji ñoŋal pàkkam."
15:26,"Aji Sax ji bañ na mébét mu bon,
te wax ju yiw daa sell fa moom."
15:27,"Wutin wu lewul, sonal sa waa kër;
ku bañ alalu ger gudd fan."
15:28,"Ku jub day teeylu tontam;
ab soxor, wax ju ñaaw rekk."
15:29,"Aji Sax ji day dëddu ab soxor,
di nangu ñaanu ku jub."
15:30,"Kanam gu leer day seral xol;
xibaaru jàmm, jàmmu yaram."
15:31,"Kuy dégg artu yu koy musal,
ku rafet xel a ngoog."
15:32,"Xalab waxi yar, fowe sa bopp la;
deel déggi artu, yokk sam xel."
15:33,"Ragal Aji Sax ji day rafetal xel;
jëkke woyof, mujje tedd."
16:01,"Nit ay dogu ci xolam,
Aji Sax ji dogal, mu sotti."
16:02,"Lu waay def, daa jekk ca moom,
waaye Aji Sax jeey natt xol yi."
16:03,"Loo bëgga def, diis ko Aji Sax ji,
say mébét sotti."
16:04,"Lu Aji Sax ji sàkk, mbir la ca namm,
ba ci ku soxor ak bésu mbugalam."
16:05,"Aji Sax ji sib na ku réy,
da koy mbugal ci lu wér."
16:06,"Ku jiital ngor ak worma, Yàlla jéggal la;
ku ragal Aji Sax ji, dëddu lu bon."
16:07,"Ku Aji Sax ji rafetlu say jëf,
say bañ sax, mu jubaleek yaw."
16:08,"Néewle te jub
moo gën barele te jubadi."
16:09,"Nit ay sumb yoonam,
Aji Sax ji sottal."
16:10,"Su buur àddoo cib àtte,
muy kàddu gu Yàlla dogal."
16:11,"Nattub diisaay aki ndabam, na jub ngir Aji Sax ji.
Moo sàkk mboolem nattukaay."
16:12,"Buur daa sib kuy def lu bon,
ndax njub mooy dëgëral nguuram."
16:13,"Wax ju dëggu, buur safoo boroom;
ku jub, buur bëgg sa kàddu."
16:14,"Merum buur ndaw la, dee a ko yónni;
ku rafetum xel, giifal ko."
16:15,"Buur, na kanam ga leer, sa bakkan mucc,
su la baaxee, mu mel ni taw bu toppum nji."
16:16,"Wutal xel mu rafet, bàyyi wurus;
taamul ag dégg, wacc xaalis."
16:17,"Yoonu kuy jubal day moyu lu bon,
ku teeylu sa jëfin, sàmm sa bakkan."
16:18,"Réy, yàqule;
xeebaate, jóoru."
16:19,"Woyof, ànd ak ku néewle
moo gën séddook ku bew la mu lewal."
16:20,"Ku teewlu mbir, baaxle;
ku wóolu Aji Sax ji, bég."
16:21,"Ki rafet xel mooy kiy ràññee,
te su wax rafetee, dég-dég yomb."
16:22,"Xel mu ñaw day suuxat bakkan,
te ab dof jëfi dofam a koy yar."
16:23,"Ku rafet xel, say kàddu xelu;
soo waxee, yey."
16:24,"Wax ju yiw di lem juy xelli,
neexa ñam, di jàmmi yaram."
16:25,"Yoon a ngii, nit defe ne jub na,
te mu jëme ko ci dee."
16:26,"Ku bëgg lu neex, liggéey;
ku bëgga faj sab xiif, njaxlaf."
16:27,"Sagaru nit mooy sulli lu bon,
ay waxam sax sawara la."
16:28,"Nitu njekkar day yokk réeroo,
ab soskat di féewaley xarit."
16:29,"Ab soxor day yóbbaale dëkkandoom,
jëme ko ci lu bon."
16:30,"Piise, ku nar njekkar;
màttu, ku def lu bon."
16:31,"Bijjaawu bopp kaala gu yànj la,
topp yoonu njub a koy joxe."
16:32,"Muñ mer, moo gën njàmbaar;
tënk sa bakkan moo raw nangub dëkk."
16:33,"Tegoo bant nit a koy def,
dogal ba Aji Sax ji la."
17:01,"Feppu dugub wu ànd ak dal
moo gën lu ne gàññ kërug ayoo."
17:02,"Surga, bu rafetee xel, tiim doom juy rusloo,
séddu ni doom ci alalu sangam."
17:03,"Xaalis ak wurus sawaraa koy xelli,
waaye nit, ab xolam, Aji Sax jee koy nattu."
17:04,"Ku bon ay déglu wax ju bon,
fen-kat di teewlu ay sos."
17:05,"Kuy ñaawal ku ñàkk, tooñ nga Ka ko sàkk;
kuy reetaan ku jàq, mbugalam du jaas."
17:06,"Teraangay maam, sët ba;
sagu doom, baay ba."
17:07,"Waxi teggin jekkul cib dof,
ay fen ci as gor waxi noppi."
17:08,"Alalu ger njiglaay la ca ka koy joxe,
ba fu mu jublu, mu nooy."
17:09,"Baale tooñ, yokk cofeel;
sulliw ay, tas xarit."
17:10,"Ku amug dégg ngay yedd benn yoon,
ab dof téeméeri yar du ko waññi."
17:11,"Ku bon fippu doŋŋ lay jéem,
te musibaa koy dikkal."
17:12,"Taseek gaynde gu ñàkki doomam
moo gën taseek dof ak yëfi dofam."
17:13,"Kuy feye mbon jëf ju baax,
lu bon du jóge sa kër."
17:14,"Ndoortel ay di wal mu tàmbali,
luy indib xuloo, bàyyil."
17:15,"Dëggal ku sikk, daan ku jub,
Aji Sax ji sib na yooyu ñaar."
17:16,"Ab dof du am xaalis, jënde xel mu rafet;
bëggu ca dara."
17:17,"Xarit du bëgg, di bañ;
mbokk day bokk ak yaw say coono."
17:18,"Ku ñàkk bopp ay dige feyal jàmbur,
di ko gàddul boram."
17:19,"Ku bëggu ay bëggi tooñ;
damu, yàqule."
17:20,"Ku njublaŋ du baaxle,
kuy wax njekkar añe musiba."
17:21,"Ku jur ab dof, am naqar;
ab dof waajuram du bég."
17:22,"Xol bu sedd day garabal,
xol bu tiis day semmal."
17:23,"Ku bon day nangu alalu ger ca suuf,
nara jalgati yoon."
17:24,"Ku amug dégg ne jàkk ci xel mu rafet,
ab dof ne xóll, xel ma sore lool."
17:25,"Doom ju dof di tiisu baay ba
ak naqaru ndey ja."
17:26,"Ku deful dara, feyloo kob daan, dug njub;
dóor as gor du yoon."
17:27,"Ku moom sa làmmiñ am nga xam-xam,
te ku teey am ngag dégg."
17:28,"Ab dof sax bu noppee, nirook boroom xel;
ku ne cell, ñu fooge lag muus."
18:01,"Ab siis, bànneexu boppam rekk,
loo ko digal mu xalab."
18:02,"Ab dof wutul ag dégg,
li muy def kay mooy jaay ag muus."
18:03,"Bu mbon nuyoo, xeebeel topp ca;
jëf ju ñaaw, gàcce rekk."
18:04,"Waxi nit ndox mu xóot la,
bu bënnee, xelli, ñu di ca xelu."
18:05,"Faral ku tooñ baaxul,
bul xañ dëgg ku deful dara."
18:06,"Ab dof, làmmiñam sooke naw ay,
ay waxam di sàkku yeti gannaaw."
18:07,"Ab dof, waxam a koy sànk,
làmmiñu boppam a koy dugal."
18:08,"Waxi jëwkat di ñam wu neex
wuy seey, jàll ca biir-a-biir."
18:09,"Kuy sàggane sa liggéey,
yaak kuy yàq a bokk."
18:10,"Turu Aji Sax ji rawtu bu mag la.
Ku jub daw làqu ca, raw."
18:11,"Alal day aar boroom ni ab tata,
mu foog ne maneesu koo bëtt."
18:12,"Bew, yàqule;
jëkke woyof, mujje tedd."
18:13,"Tontu te déggagoo,
ndof la, ak ñàkk kersa."
18:14,"Ku bëgga dund, dékku woppi yaram,
waaye xol bu jeex maneesu koo wéye."
18:15,"Ku amug dégg wut xam-xam,
ku rafet xel sàkku xam-xam."
18:16,"Deel maye, da lay ubbil bunt,
di la àggale ci boroom daraja."
18:17,"Ku njëkk a layoo, ñu ne yaa yey,
ba keroog ka nga joteel weddi la."
18:18,"Tegoo bant day feyu ay,
di àtte boroom doole yu jote."
18:19,"Jubook mbokk moo tooñ, jéggi tataa ko gëna yomb,
mbaa ubbi bunt yu tëje ràpp."
18:20,"Làmmiñ feesal na biiru boroom,
yoolu kàddu suur na boroom."
18:21,"Dund ak dee a ngi ci làmmiñ,
te wax garab la, ku ko bëgg, lekk ca doom ya."
18:22,"Ku am jabar, am nga ngëneel,
am nga yiwu Aji Sax ji."
18:23,"Ku ñàkk a ngi leewaayu,
boroom alal di ko jànni."
18:24,"Barey àndandoo lor a ngi ci,
waaye xarit a ngi gëna taq nit mbokkam."
19:01,"Ñàkk te mat,
moo gën dof, di wax njekkar."
19:02,"Teeyadi baaxul,
ku yàkkamti moy saw yoon."
19:03,"Nit def na jëfi dof, ba sànku,
walbatiku mere Aji Sax ji."
19:04,"Ku barele, barey xarit;
ku ñàkk, sab xarit dagg la."
19:05,"Seede buy fen muccul mbugalam,
kuy noyyee ay fen du rëcc àtteem."
19:06,"Ñu baree ngi wuta neex boroom daraja,
ku nekk a bëgga xaritook kuy joxe."
19:07,"Ku ñàkk, sa bokk yépp dëddu la,
sab xarit gën laa soreeti,
ngay wax ak ñoom, dara."
19:08,"Kuy sàkku xel, bëgg nga sa bopp;
kuy wut ag dégg day baaxle."
19:09,"Seede buy fen muccul mbugalam,
kuy noyyee ay fen, mujje sànku."
19:10,"Dund gu neex jekkul cib dof,
surga buy jiite kilifa it moo yées."
19:11,"Ku xam lu jaadu, muñ mer,
tanqamlu ku la tooñ ngay damoo."
19:12,"Merum buur ni gaynde gu ŋar;
yërmandey buur ni lay cig mbooy."
19:13,"Doom ju dof naqaru baay baa,
te jabar ju pànk mooy senn bu dakkul."
19:14,"Kër ak alal ngay donne ci baay;
jabar ju xelu, Aji Sax jee koy maye."
19:15,"Ab yaafus, nelaw yu xóot,
te ku yàccaaral xiif."
19:16,"Ku jëfe ndigal, sàmm sa bakkan;
ku moytuwul sa bopp, dangay dee."
19:17,"Ku baaxe ku ñàkk, lebal nga Aji Sax ji,
te moo lay yool."
19:18,"Yaral sa doom ba muy teel,
waaye bul topp sa xol, ba rey ko."
19:19,"Ku naqari deret, sonal nga sa bopp;
ku la xettali, tóllanti ko."
19:20,"Déggal ndigal te yaru,
ndax ëllëg nga xelu."
19:21,"Bare na lu xol di mébét,
waaye Aji Sax jeey dogal."
19:22,"Li ñu sopp ci nit mooy ngor,
néewle moo gën fen."
19:23,"Ragalal Aji Sax ji ndax nga gudd fan,
noppalu te baña loru."
19:24,"Ab yaafus day yeb loxoom ci ndab,
tàyyi ko yékkati, sex."
19:25,"Boo ñefee ab ñaawlekat, téxét ba jànge ca;
nga yedd kuy dégg, mu xame ca."
19:26,"Kuy yàqal sa baay, di dàq sa ndey,
yaay indi gàcceek yeraange."
19:27,"Doom, soo noppee déglu ku lay yar,
sore nga kàdduy xam-xam."
19:28,"Seedeb naaféq faalewul yoon,
ab soxor lu bon lay tàqamtikoo."
19:29,"Na ñaawlekat bi séentu mbugal;
ab dof, yeti gannaaw."
20:01,"Naan biiñ ak ñaawle, naan ñoll, tanqale,
ku mu nax xeluwoo."
20:02,"Buur mer lool, mel ni gayndee ŋar;
boo ko merloo, dangay xaru."
20:03,"Moytuw ay, ndam la;
dof boo gis day bëgg xuloo."
20:04,"Ab yaafus du gàbb ba mu jotee,
day wut am ngóob, du am dara."
20:05,"Mébétu jàmbur day teen bu xóot,
ku amug dégg a cay root."
20:06,"Ñu baree ngi naa: «Gore naa,»
waaye kuy boroom kóllëre dëgg?"
20:07,"Ku jub, di jëfeg mat,
doom ju la wuutu bég na."
20:08,"Su buur toogee di àtte,
day gis, di ràññee mboolem ayib."
20:09,"Ana ku man ne fóot na xolam,
ba tàggook bàkkaar?"
20:10,"Nattu diisaay yu yemul ak lu ni mel,
Aji Sax ji bañ na ko."
20:11,"Gone sax day jëf, nga gis jikkoom;
bu naree dëggu te jub, nga xam."
20:12,"Nopp buy dégg ak bët buy gis,
Aji Sax jee sàkk lu ci nekk."
20:13,"Bul bëggi nelaw, ba ñàkk dab la;
boo njaxlafee, lekk ba desal."
20:14,"Kuy waxaalee ngi naan: «Baaxul de!»
Bu nee wërëñ, di damu naan: «Aka jar!»"
20:15,"Wurus am na ak gànjar yu bare,
waaye kàdduy xam-xam a gën per yu jafe."
20:16,"Ku gàddul jàmbur bor, jëlal mbubbam;
tayle ko, moo dige feyal jàmbur."
20:17,"Njublaŋ, lekk, jëkke neex,
mujj mel ni lancub suuf."
20:18,"Pexe, ndigal a koy lal;
xare, ay tegtal."
20:19,"Kuy wër di jëw, wuññi sutura;
ku réy làmmiñ, bul déeyook moom."
20:20,"Ku saaga sa ndey mbaa sa baay
añe lëndëmu bàmmeel."
20:21,"Alal ju gaaw
du mujje barkeel."
20:22,"Bul feyantook ku la tooñ;
dénkul ci Aji Sax ji, mu wallu la."
20:23,"Aji Sax ji bañ na nattu diisaay yu wuute,
njublaŋ ci natti diisaay baaxul."
20:24,"Jéegoy jaam Aji Sax jee ko yor,
kenn xamul foo jëm."
20:25,"Bul gaawtuy digeek Yàlla, di dugal sa bopp;
bul giñ, di réccu."
20:26,"Buur, bu xeloo, ràññee ku bon,
mbugal ko, te du ko ñéeblu."
20:27,"Xelum nit làmp la bu Aji Sax ji taal,
da koy niital ba ca biir xolam."
20:28,"Ngor ak worma day aar buur,
ngor ay saxal ab jalam."
20:29,"Sagu ndaw, doole ja;
gànjaru mag, bijjaaw ba."
20:30,"Dóor yu la gaañ faj na sag mbon,
ay yar fóot na xolu boroom."
21:01,"Xolu buur walum ndox la ci loxol Aji Sax ji,
fu ko soob mu jëme ko fa."
21:02,"Lu waay def, daa jub ca moom,
waaye Aji Sax jeey natt xol yi."
21:03,"Deel def dëgg ak lu jub,
moo gënal Aji Sax ji ab sarax."
21:04,"Xeebaateek réy-réylu
mooy bàkkaar yi ñuy ràññee ku bon."
21:05,"Farlu, woomle;
ku gaawtu, mujj néewle."
21:06,"Alal ju la fen may,
cóolóol la, day naaw, wut ko xaru la."
21:07,"Coxor day sànk boroom,
ndax day baña def njub."
21:08,"Ab saay-saay day dëngal,
nit ku dëggu di jubal."
21:09,"Dëkkeb ruq cim sàq
moo gën jabar ju pànk."
21:10,"Ab soxor day namma lore,
te du yërëm moroomam."
21:11,"Boo mbugalee kuy ñaawle, ab téxét jànge ca;
nga jàngal ku rafet xel, mu yokku."
21:12,"Aji Jub ji Yàlla xam na la ne ca biir kër ku bon,
te mooy sànk ku bon."
21:13,"Ku tanqamlu jooyi ku ñàkk
dina woote wall, wall ñàkk."
21:14,"Ku mer, may ko ci sutura, mu giif;
boroom xadar, boqal ko neexal, mu dal."
21:15,"Bu yoon amee, ku jub bég;
kuy def lu bon jàq."
21:16,"Ku noppee jëfe xel,
noppaluji njaniiw."
21:17,"Ku topp sa bànneex, mujje ñàkk;
ku sopp biiñ ak lu niin du woomle."
21:18,"Ku bon këppoo ayu ku baax,
workat gàddu musibam kuy jubal."
21:19,"Dëkke ndànd-foyfoy
moo gën jabar ju tàng, bare ay."
21:20,"Ku xelu denc këram ngëneeli alal aku diw,
ab dof saax-saaxee josam."
21:21,"Ku saxoo njekk ak ngor,
am fan wu gudd, naataangeek daraja."
21:22,"Ku ñaw mana daan jàmbaari dëkk bu mag,
ba màbb tata ja ñu yaakaaroon."
21:23,"Ub sa gémmiñ, moom sa làmmiñ,
mucc ci njàqare."
21:24,"Ku réy te bew, mooy ñaawle,
day reew, ba jéggi dayo."
21:25-26,"Ab yaafus day bëgg lu mu amul ba dee,
ndax du nangoo liggéey,
day yendoo xemmem, te du am;
kay jëfe njekk di joxeeka joxewaat."
21:27,"Saraxu nit ku bon ñaawtéef la,
rawatina bu ci jubloo lu bon."
21:28,"Seede buy fen day sànku,
kuy dégg, sa kàddu sax."
21:29,"Ku bon day ñeme-ñemelu,
ku jub la muy def da koy wóor."
21:30,"Nit xeluwul, amulug dégg ak pexe,
ba manal Aji Sax ji dara."
21:31,"Nit ay takk, bésub xare,
Aji Sax ji di maye ndam."
22:01,"Jëw bu rafet a gën barele,
wegeel gën xaalis ak wurus."
22:02,"Ku am ak ku ñàkk a bokk lenn:
Aji Sax jee leen boole sàkk."
22:03,"Kuy foog, gisu ay, làqu;
ab téxét ne ca tëñëx, loru."
22:04,"Woyofal te ragal Aji Sax ji,
am alal, gudd fan ak daraja."
22:05,"Yoonu njublaŋ, ay dég aki fiir;
ku sàmm sa bakkan sore ko."
22:06,"Tegal gone ciw yoon;
ba bu màggee, du ko wacc."
22:07,"Ku am ay yilif ku ñàkk,
koo leb di surgaam."
22:08,"Ku ji njubadi, góob fitna,
yet wa muy dóore, damm."
22:09,"Ku tabe am barke,
mooy kiy sédd ku ñàkk cib dundam."
22:10,"Dàqal kuy ñaawle, ay jeex;
xulooki saaga dakk."
22:11,"Ku dëggu, wax ja yiw,
buur di xaritam."
22:12,"Aji Sax jeey sàmm liy dëgg,
di weddi waxi fen-kat."
22:13,"Bul yaafus, ba naan: «Gayndee ngi ci biti,
dañu may rey ci mbedd mi!»"
22:14,"Waxi jigéenu njaalookat am yeer la,
ku Aji Sax ji rëbb moo cay tàbbi."
22:15,"Yëfi dof daa sax ci xolu gone,
boo bantalee, mu tàggook moom."
22:16,"Noot néew-ji-doole ngir yokkule,
mbaa may boroom alal,
loo ci def mu wàññi la."
22:17,"Teewlul te déglu li boroom xel yi wax.
Defal sam xel ci li ma lay xamal."
22:18,"Soo mokkalee, ba man koo tari,
muy sa mbégte."
22:19,"Yaw laa koy xamal tey jii,
ndax nga wóolu Aji Sax ji."
22:20-21,"Dama laa bindal fanweeri dénkaane,
ci wàllu ndigal ak xam-xam,
ngir xamal la lu wér te dëggu,
nga yóbbaale kàdduy dëgg,
yoo tontoo ña la yebal."
22:22,Bul xañ néew-ji-doole ndax li muy néew-ji-doole.
22:23,"Ku tumurànke, bu ko soxore cib àtte,
Aji Sax ji da koy taxawu,
ku ko xañ, mu xañ la bakkan."
22:24,"Bul xaritook ku gaawa mer,
bul ànd ak ku tàng bopp."
22:25,"Lu ko moy nga mel ni moom,
te kon nga lonku."
22:26,"Bul bokk ci ñiy dige,
di gàddul nit bor."
22:27,"Soo amul loo ko feyale,
ñu yékkatee la sab lal, nangu ko."
22:28,"Bul toxal màndargam cosaan ci làccu suuf
te say maam tegoon ko fa démb."
22:29,"Seetlul ku man liggéeyam,
buur lay liggéeyal,
du liggéeyal baadoolo."
23:01,"Soo bokkeek kilifa ndab,
xamal bu baax ni ngay lekke."
23:02,"Soo dee ku bëgg lekk,
téyeel sa loxo."
23:03,"Bul xemmem daraam lu neex,
ñam woowu la lay naxe."
23:04,"Bul rey sa bopp ci wut alal,
bu ko xalaat sax."
23:05,"Ndax xef ak xippi mu wéy,
mel ni lu saxi laaf,
ne fëyy, naaw ni jaxaay."
23:06,"Ab nay, bul lekke këram,
bul xemmem daraam lu neex."
23:07,"Ma ngay xool la ngay lekk, nu mu tollu,
naan la: «Lekkal, naanal!»
Te xol ba àndu ca."
23:08,"Ndog soo ca lekk, waccu ko,
yiw woo ko wax daldi neen."
23:09,"Bul wax akub dof,
day xeeb sam xel."
23:10,"Bul toxal màndargam cosaan ci làccu suuf,
bul aakimoo suufas jirim."
23:11,"Ki koy aar màgg na,
da koy taxawu, dal ci sa kaw."
23:12,"Defal sam xel ci yar,
te teewlu kàdduy xam-xam."
23:13,"Bul ñéebloo yar gone,
bantal ko taxu koo dee."
23:14,"Soo ko bantalee,
mu mana mucc."
23:15,"Sama doom, soo xeloo,
sama xol neex."
23:16,"Ngay wax njub,
ma bég."
23:17-18,"Bul ñee bàkkaarkat,
saxool ragal Aji Sax ji,
ndax kat moo am muj,
te kon sa yaakaar du tas."
23:19,"Déglul, doom, muusal
te yebu ci yoonu njub."
23:20-21,"Bul bokk ci ñiy lekk lu ëpp
aka màndi,
ndax ku bëgg lekk aka màndi, ñàkk dab la,
dajjant it, rafle rekk."
23:22,"Déglul sa baay bi la jur.
Bu sa ndey màggatee, bu ko sàggane."
23:23,"Jëndal dëgg te bu ko jaay.
Sàkkul xel mu rafet ak yar akug dégg."
23:24,"Su doom jubee, seral xolu baay.
Boo juree ku rafet xel, am nga bànneex."
23:25,"Deel bégal ndey ak baay,
rawatina ndey ji la jur."
23:26,"Doom, teewloo ma xel te roy ma."
23:27,"Ab gànc yeer mu xóot la,
jabaru jàmbur di teen bu xat."
23:28,"Ma ngay tëroo nib sàcc,
góor ñu bare lay fecciloo worma."
23:29,"Ana kuy tiislu, naan: «Wóoy, ngalla man!»
Ana kuy xulooka jàmbat,
di gaañu ci dara,
bët ya xonq curr?"
23:30,"Xanaa kiy naan-naane biiñ,
di mosi yeneen njafaan?"
23:31,"Bul xool biiñ ak xonqaayam.
Aka yànj cib kaas
te neexa jolu!"
23:32,"Bu weesoo mu màtt la ni jaan,
ne la càppit ni ñàngóor."
23:33,"Dangay mel ni kuy gis lu doy waar,
sam xel di ràbb lu jekkadi."
23:34-35,"Nga mel ni ku tëdd biir géej,
di jaayu ca biir gaal ga,
nga naan: «Dañu maa dóor te gaañuwuma,
duma ma te yéguma ko.
Moo! Duma yewwu nag,
ba naaneeti?»"
24:1-2,"Bul ñee ku bon,
bul wuta ànd ak moom,
ndax coxor lay nas ci xolam,
te fitna la ay waxam di yee."
24:03:00,"Xel mu rafet ay tabax kër,
rafet déggin a koy samp."
24:04:00,"Xam-xam ay feesal néeg ya
ak mboolem alal ju jafe te yànj."
24:5-6,"Ku rafet xel di boroom doole,
ku xam, gëna man;
tegtal yu xelu lañuy xaree,
diisoo bu yaatooy maye ndam."
24:07:00,"Wax ju xelu sut nab dof,
jataayu pénc du fa àddoo."
24:08:00,"Kuy mébét lu bon,
ñu ne yaay rambaaj bi."
24:09:00,"Pexem dof bàkkaar la,
te kuy ñaawle, ñu sib la."
24:10:00,"Bu mettee, nga yoqi,
sa doolee néew."
24:11:00,"Wallul ku ñuy reyi te tooñul,
xettalil kuy tërëf, ñu di ko reyi."
24:12:00,"Soo nee sa yoon nekku ci it,
kiy natt xol yi, xam na,
moom miy wattu sa bakkan, xam na,
te kat mooy fey nit jëfam."
24:13:00,"Doom, deel lekk lem, baax na,
lem ju xelli, boo sexee, mu tem-temi."
24:14:00,"Xamal ne xel mu rafet ni la neexe;
soo xeloo, sa muj rafet,
te sa yaakaar du tas."
24:15:00,"Soxor bi, bul tëru boroom njekk ci këram,
bul yàq dëkkuwaayam."
24:16:00,"Boroom njekk day daanu juróom ñaari yoon, jógaat,
ab soxor sërëx ci njekkar."
24:17:00,"Bu sab noon daanoo, bu ko bànneexoo,
bu tërëfee, bu ko bége."
24:18:00,"Lu ko moy Aji Sax ji gis la, ñaawlu ko,
daldi giif, dootu ko mbugal."
24:19:00,"Bu sa xol tàng ci ku bon,
bul ñee ku soxor."
24:20:00,"Ku bon amul muj,
ku soxor day mel ni taal bu fey."
24:21:00,"Doom, ragalal Aji Sax ji, wormaal buur.
Bul lëngook kuy fippu."
24:22:00,"Yàllaak buur a koy bette mbugal,
te kenn xamul musiba mu muy doon."
24:23:00,"Lii it ñi rafet xel a ko wax.
Par-parloo cib àtte baaxul."
24:24-25,"Ku ne defkatu lu bon: «Yaw, tooñoo,»
aw nit móolu la, mbooloo ŋàññ la;
ku ko ne: «Yaa tooñ,» yaay baaxle,
taasoo barke bu yaa."
24:26:00,"Ki lay wax dëgg
sa soppe la."
24:27:00,"Ruujal sab tool, ji ko,
doora tabax sa kër."
24:28:00,"Bul tuumaal nit ci neen,
te bu ko seedeel ay fen."
24:29:00,"Bul ne: «Li mu ma def laa koy def,
damay feyu li mu ma def.»"
24:30:00,"Toolub ku yaafus laa jaare,
ak tóokërub nit ku ñàkk bopp."
24:31:00,"Ndeke lépp a nga saxi dég,
fépp fees akum ñax,
tabaxu doj ba ko wër màbb."
24:32:00,"Maa ko gis, di xalaat,
xoolaat ko, jànge ca."
24:33-34,"Booy dajjant aka for bët,
di tegley loxooka jaaxaan,
néewlee ngi lay dikkal nib sàcc,
ñàkk gànnaayul la."
25:01:00,"Lii it ay kàddu yu xelu la, di yu Suleymaan, ay niti Esekiyas buurub Yuda sotti ko."
25:02:00,"Màggug Yàllaa ngi ci li mu làq,
darajay buur a ngi ci li mu feeñal."
25:03:00,"Maneesula daj li ci xelu buur,
xalaatam daa kawe ni asamaan, xóote ni suuf."
25:04:00,"Xellil xaalis, tonni lu ca rax,
ba ab tëgg man caa am ndab."
25:05:00,"Ab soxor it, dàqal, mu sore buur,
ngir njubte law, jalam sax."
25:6-7,"Bul réy-réylu fi kanam buur,
bul tooge jataayu boroom daraja,
ndax ñu ne la: «Yéegal, jegesi fii,»
moo gën ñu toroxal la ci kanam kilifa."
25:08:00,"Boo gisalee sa bopp it,
bul gaawa layooji,
ana nooy def ëllëg, bu ñu la yeyee?"
25:09:00,"Ñaarool ak ki nga joteel,
te bul jéebaane jàmbur."
25:10:00,"Lu ko moy ñu dégg ko, rusloo la,
sab der yàqu yaxeet."
25:11:00,"Wax ju ñor di nataalu wurus
wu tege ci xaalis."
25:12:00,"Kàddu yu lay yedd ci kuy dégg,
jaarob wurus la mbaa gànjaru ngalam."
25:13:00,"Ndaw lu wóor day seral xolu njaatigeem,
mooy ndox mu sedd ci tàngooru ngóob."
25:14:00,"Kuy dige te doo joxe,
yaay xiin wu ngelaw, mu naaxsaay."
25:15:00,"Muñ mer ay nax kilifa,
te wax ju neex, fu mu jaar, mu nooy."
25:16:00,"Boo gisee lem, lekkal lu yem;
bu ëppee, nga waccu ko."
25:17:00,"Na sa tànk di gëj kër dëkkandoo;
boo ko sàppee, mu jéppi la."
25:18:00,"Ku seedeel sa moroom ay fen,
yen nga ko aw njur mbaa saamar mbaa fitt."
25:19:00,"Bul wóolu workat bésub njàqare,
mooy bëñ bu bon mbaa tànk bu nasax."
25:20:00,"Kuy woy, boroom tiisu xol di dégg,
yaa futti mbubbam cib sedd,
mbaa nga jonj xorom ci góomam."
25:21-22,"Bu sab noon xiifee, jox ko mu lekk,
bu maree, may ko mu naan,
day rus ba mel ni koo yeni xal,
te Aji Sax jee lay fey."
25:23:00,"Jëw, mer a cay topp;
mooy ngelawal taw, taw a cay topp."
25:24:00,"Dëkkeb ruq cim sàq
moo gën jabar ju pànk."
25:25:00,"Xibaaru jàmm, bawoo fu sore
mooy ndox mu sedd ci ku loof."
25:26:00,"Ku jub bu dee nangul ku bon, yàqu na,
ni seyaan bu nëx mbaa teen bu xàbb."
25:27:00,"Lekk lem ju ëpp baaxul,
te wut waaw-góor du ngóora."
25:28:00,"Ku dul ànd ak sa sago,
yaa neexa song ni dëkk bu dara wërul."
26:01:00,"Teraanga jekkul cib dof,
mooy seddub nawet mbaa taw cim ngóob."
26:02:00,"Ñaan-yàlla, soo tooñul, du la dal,
day mel ni picc muy naaw, tëë toŋ."
26:03:00,"Xiir, aw fas; laab, mbaam;
yetu gannaaw, ab dof."
26:04:00,"Bul topp ab dof cig ndofam,
lu ko moy nga mel ni moom."
26:05:00,"Waaye toppal ab dof cig ndofam,
lu ko moy mu defe ne daa muus."
26:06:00,"Ku yóbbante ab dof kàddu,
yaa woo fitna, gor say tànk."
26:07:00,"Kàddu gu xelu ci gémmiñug dof,
mooy tànki lafañ, amalu ko njariñ."
26:08:00,"Kuy teral ab dof,
jël ngaw doj, takk ko ci mbaq."
26:09:00,"Kàddu gu xelu ci gémmiñug dof
mooy car aki dégam, màndikat xàcc."
26:10:00,"Njaatige luy liggéeyloo ab dof ak kuy romb,
daa mel ni fittkat buy gaañ ku ne."
26:11:00,"Dof day def jëfi dof, dellu ca,
mooy xaj, bu waccoo, lekkaat ko."
26:12:00,"Ana koo gis mu ne: «Maa xelu»?
Kooku ab dof a ko gën demin."
26:13:00,"Ab yaafus da naan: «Gayndee ngi ci yoon wi!
Gayndee ngi ci mbedd mi!»"
26:14:00,"Ab yaafus day tëdd aka walbatiku,
mooy bunt, day jaayu, demul fenn."
26:15:00,"Ab yaafus day yeb loxoom ci ndab,
waaye yékkati ko, sex, da koy sonal."
26:16:00,"Ab yaafus day foog ne moo gëna muus
juróom ñaari boroom xel yu xam tont."
26:17:00,"Kuy xuloo lu sa yoon newul,
yaa jàpp ci noppi xaj buy romb.
18-19 Nit kuy naxe,
naan: «Damay fo!»
yaay dof buy sànniy jum,
di fitteeka reye."
26:20:00,"Bu matt amul, ab taal fey,
fu soskat amul it, xuloo jeex fa."
26:21:00,"Këriñ defi xal, matt xambub taal,
ab xulookat di xambu ay."
26:22:00,"Waxi jëwkat di ñam wu neex,
wuy seey, jàll ca biir-a-biir."
26:23:00,"Kuy wax lu neex, tey mébét lu bon,
yaay xaalis bu rax, ñu xoob ca ndabal xandeer."
26:24:00,"Ab noon làqoo na ay waxam,
lal pexey wor ca xolam."
26:25:00,"Buy wax lu neex, bul gëm,
ñaawtéef la xol ba fees dell."
26:26:00,"Su la nëbbalee mbañeel, di la nax it,
ag mbonam mujj bir ñépp."
26:27:00,"Ku gasal nit am yeer, yaa cay daanu;
ku béraŋu doj, ngir tance, yaay tancu."
26:28:00,"Kuy fen, dangaa bañ ka nga fenal,
te boroom làmmiñ wu neex day sànke."
27:01:00,"Bul damoo ëllëg,
ndax xamoo luy xew tey."
27:02:00,"Bul tëggu, bàyyil ñu tagg la,
muy waxi keneen; yaw, bu ko wax."
27:03:00,"Doj diis na, suuf dib sëf,
waaye fitnay dof a ko raw."
27:04:00,"Xadar day ñàng, mer di wal mu baawaan,
waaye fiiraange amul moroom."
27:05:00,"Artu yu ñu la biralal
moo gën cofeel gu la boroom ñooru."
27:06:00,"Soppe, bu lay gaañ sax, wóolu ko.
Nit bañ na la, te di la fóon lu bare."
27:07:00,"Ku suur, bañ lem ju xelli,
waaye boo xiifee, lu wex lu ne neex la."
27:08:00,"Ku sore fa nga bokk,
dangay mel ni picc mu sore tàggam."
27:09:00,"Diwook suuru day naatal xol;
waaye li neex cib xarit, xol la lay digale."
27:10:00,"Bul fàtte sab xarit mbaa sa xaritu baay,
boo jàqee, bul seeti sa mbokk;
dëkkandoo bu jegee gën mbokk mu sore."
27:11:00,"Muusal, doom, ma bég,
ba mana tontu ku ma sikk."
27:12:00,"Kuy foog, gisu ay, làqu;
ab téxét ne ca tëñëx, loru."
27:13:00,"Ku gàddul jàmbur bor, jëlal mbubbam;
tayle ko, moo dige feyal jàmbur."
27:14:00,"Nuyoo bu xumb, suba teel
mooki saagaa yem."
27:15-16,"Jabar ju pànk
mooy senn bu dakkul, cib taw;
ku ko mana yemale,
mana téye ngelaw mbaa nga ŋëb ag diw."
27:17:00,"Weñ ay nàmm weñ,
nit ay nàmm xelu moroom ma."
27:18:00,"Ku aar garab, lekk ca doom ya;
ku toppatoo sa sang, am ngërëm."
27:19:00,"Ku xool cim ndox, gis sa kanam,
nga xool sab xol, gis sa jikko."
27:20:00,"Njaniiw ak biir suuf du fees,
bët it du doylu mukk."
27:21:00,"Xaalis ak wurus sawaraa koy xelli,
waaye àtteb nit ca taggam."
27:22:00,"Soo jëloonub dof, yeb ci gënn,
booleek pepp, wol,
du tax ndof ga deñ."
27:23-24,"Xamal bu baax lu say gàtt nekke,
te def sa xel ci say gétt,
ndax alal wéyul fàww,
ag pal du ñeel sëtoo sët."
27:25-26,"Gannaaw bu ñu gubee,
ba ñax saxaat,
ñu dajale ngooñ ma ca tund ya,
say xar da lay amal koddaay,
bëy yi génneel la njëgu tool."
27:27:00,"Meewum bëy daldi am, ba doy la dund,
yaak sa waa kër
ak sa surga yu jigéen."
28:01:00,"Ku bon daw na te dàqeesu ko,
ku jub ñeme ni gaynde."
28:02:00,"Bu am réew dee fippu, kilifa ya bare;
réew mu jàmm sax, kilifa gaa am déggin ak xam-xam."
28:03:00,"Ku ñàkk, su jekkoo ab ndóol,
du ko bàyyil fepp, day mel ni waame."
28:04:00,"Ku wacc yoon, gërëm ku bon;
ku wormaal yoon, jànkoonteek ku bon."
28:05:00,"Ku bon xamul njub,
kuy wut Aji Sax ji, xam nga njub bu wér."
28:06:00,"Ñàkk te mat
moo gën barele te dëng."
28:07:00,"Gone gu sàmm yoon am nag dégg,
ku ànd ak sagaru nit gàcceel sa baay."
28:08:00,"Kiy leble di tege, ba barele,
kay yéwéne néew-ji-doole lay dencal."
28:09:00,"Soo dee tanqamlu yoon,
sag ñaan sax Yàlla suur na ko."
28:10:00,"Ku yóbbe bàkkaar nit kuy jubal,
yeer ma nga gas, yaa cay tàbbi,
waaye ku mat di jagoo ngëneel."
28:11:00,"Waay a ngi barele, defe ne xelu na;
ku néewle amug dégg, gis ne xeluwul."
28:12:00,"Bu kuy jëfe njekk amee ndam, mbégte mu réy la;
ab soxor falu, ñépp làquji."
28:13:00,"Kuy làq say tooñ doo baaxle,
ku koy nangu, tuub ko, am yërmandey Yàlla."
28:14:00,"Mbégte ñeel na ku saxoo ragal Yàlla,
waaye ku dëgër bopp tàbbi ci njekkar."
28:15:00,"Kilifa guy soxore néew-ji-doole
mook gaynde guy yëmmoo yem, mbaa rab wuy songe."
28:16:00,"Kilifa gu amulug dégg, day foqati rekk,
waaye ku bañ lu lewul, gudd fan."
28:17:00,"Ku bóom nit, daw, ba tàbbi njaniiw;
bu ko kenn taxawu."
28:18:00,"Mat, mucc;
dëng, dàll daanu."
28:19:00,"Beyal sab tool, sab dund doy;
topp ay caaxaan, ndóol ba doyal."
28:20:00,"Boroom worma, bare barke;
ku yàkkamtee woomle, sa mbugal du jaas."
28:21:00,"Par-parloo baaxul,
waaye dogu mburu moyloo na kilifa."
28:22:00,"Ab nay day yàkkamtee barele,
te xamul, ba ko ñàkk di dab."
28:23:00,"Boo artoo nit, mu baaxe la ëllëg;
yaa koy gënal ku ko doon jay."
28:24:00,"Ku xañ say waajur seen alal
te defe ne tooñoo,
yaa neexook saay-saayu yàqkat."
28:25:00,"Ku bëgge day sooke ay,
te ku wóolu Aji Sax ji, woomle."
28:26:00,"Ku doyloo sam xel, dof nga;
ku jëfe xel mu rafet, mucc nga."
28:27:00,"Kuy jox néew-ji-doole, doo ñàkk;
nga gëmm ne gisoo, bare ku la móolu."
28:28:00,"Bu ab soxor faloo, ñépp làquji,
bu daanoo, kuy jëfe njekk teg tànk."
29:01:00,"Ku ñuy artu, nga të ticc,
dangay jekki yàqu, ba wees am paj."
29:02:00,"Kuy jëfe njekk falu, baadoolo bég;
ab soxor jiite, baadoolo binni."
29:03:00,"Kuy jëfe xel, bégal sa baay;
nga ànd aki gànc, yàq alal."
29:04:00,"Buur jub, am réew dëgër;
mu bëggi galag, réew ma sànku."
29:05:00,"Kuy jay sa moroom,
yaa ngi koy dugal."
29:06:00,"Ku bon day moy, ba dugal boppam;
ku jub di woy aka bànneexu."
29:07:00,"Boroom njekk a xam àqu néew-ji-doole,
ab soxor xamu ca dara."
29:08:00,"Ñaawlekat a ngi taal ab dëkk,
ku xelu di giifal mer."
29:09:00,"Boroom xel, buy layookub dof,
bu mereek buy ree, jàmm du am."
29:10:00,"Ab bóomkat day sib ku mat,
di wuta bóom kuy jubal."
29:11:00,"Ab dof day mer, sàmbaar;
ku xelu, mer, ànd ak sagoom."
29:12:00,"Kilifa dégluy fen,
jawriñ yépp di ñu bon."
29:13:00,"Ku ñàkk ak ka ko nennoo bokk lenn,
Aji Sax jee leen boole sàkk."
29:14:00,"Buur àtte way-ñàkk ci dëgg,
ab jalam sax."
29:15:00,"Deel bantal aka yedde, day rafetal xel;
gone goo bay-bayal, mu gàcceel ndeyam."
29:16:00,"Bu ku bon féetee kaw, ag moy law,
waaye kiy jëfe njekk ay fekke jéllam."
29:17:00,"Yaral sa doom, mu noppal la,
bànneexal la."
29:18:00,"Fu Yàlla feeñoowul, nit ña fétteeral,
waaye ku topp yoon, am mbégte."
29:19:00,"Waxi neen yarul surga,
da lay dégg te du la déggal."
29:20:00,"Ana koo gis, mu rattaxle?
Kooku ab dof a ko gën demin."
29:21:00,"Ku yàq sab surga ba muy ndaw,
bu ëllëgee mu defe ne doom la."
29:22:00,"Boroom xadar day sooke ay,
te ku tàng bopp moy, moyati."
29:23:00,"Réy-réylu, detteelu rekk;
woyofal, ñu naw la."
29:24:00,"Ku ànd akub sàcc, sa noonu bopp nga:
soo waxee dëgg, yoon topp la;
soo ko miimee, Yàlla topp la."
29:25:00,"Ragal nit dugal sa bopp la,
ku wóolu Aji Sax ji, fegu."
29:26:00,"Ñu baree ngi sàkku kilifa baaxe leen,
moona Aji Sax jeey àtteb jaam."
29:27:00,"Ku jub day sib ku dëng,
ku bon sib kuy jubal."
30:01:00,"Lii waxi Agur la, góor gay doomu Yake mu Maasaf. Góor ga daa wax ak Itiyel, wax ak Itiyel ak Ukal. Mu ne:"
30:02:00,"Maa dofe dëgg, ba yées ci nit ñi,
dég-dégu nit sax awma ko."
30:03:00,"Jànguma, ba am xel mu rafet,
awma xam-xam ci Aji Sell ji."
30:04:00,"Ana ku yéegoon asamaan, ba wàcc?
Mbaa mu masa ŋëb ngelaw ciy loxoom?
Ana ku masa ëmb ndox ci ndimo?
Mbaa mu rëdd mboolem kemi àddina?
Nu mu tudd ak nu doomam tudd?
Wax ma, yaw mi ko xam!"
30:05:00,"Lu Yàlla wax, mat na sëkk,
mooy yiir ku ko làqoo."
30:06:00,"Bul yokk ay waxam,
mu weddi say fen, nga weeru."
30:7-9,"Éy Yàlla, ñaar laa la ñaan,
ngalla may ma ko sama giiru dund:
caaxaan aki fen, yal na ma sore,
néewleek barele, bu ma ci may lenn,
leel ma lu ma doy;
lu ko moy ma regg, weddi la,
ba naan: «Kuy Aji Sax ji?»
Mbaa ma ñàkk bay sàcc,
di la ñàkke worma, yaw sama Yàlla."
30:10:00,"Bul sikkal ab surga ca njaatigeem,
da lay ñaan-yàlla, mu dal la."
30:11:00,"Ag maas a ngi saaga baay,
te wormaaluñu ndey."
30:12:00,"Ag maas a ngi defe ne set nañu,
te taq ripp ak bàkkaar."
30:13:00,"Ag maas a ngi daŋŋiiral;
aka ñoo mana xeeloo!"
30:14:00,"Ag maas a ngi, seeni sell niy saamar,
seeni gëñ niy paaka,
ñuy lekk néew-ji-doole, ba raafal leen ci réew mi,
ba ku ñàkk jeex ci biir nit ñi."
30:15:00,"Saxu watar du suur, ñaar ñu jigéen la am:
Jox Ma ak Jox Ma."
30:16:00,"Ñett a ngii ñu dul suur,
ba ci ñeent ñu dul ne doy na mukk:
njaniiw,
jigéen ju jaasir,
suuf, du màndi ndox,
sawara, du ne doy na mukk."
30:17:00,"Kuy xeelu sa baay,
di siidee déggal sa ndey,
baaxoñ génne ciw xur, luqi sa bët,
tan ya lekk."
30:18-19,"Ñett a ngii, yéem na ma,
ba ci ñeent yu ma xamul:
yoonu jaxaay ci asamaan,
yoonu jaan ci kawi doj,
yoonu gaal ci diggu géej,
yoon wi góor di jaar as ndaw."
30:20:00,"Jikkoy jigéenu moykat a ngii:
day lekk, wommiku, te naan:
«Defuma dara lu aay!»"
30:21-23,"Ñett a ngii, day yëngal suuf,
ba ci ñeent yu suuf àttanul:
jaam bu falu buur,
dof bu regg,
ndaw su bon su for jëkkër,
jigéen ju wuutu sangam bu jigéen."
30:24-28,"Ñeent a ngii, di lu tuut ci kaw suuf,
te am xel, yaroo xel:
xorondom, néew na doole,
waaye bu jotee, mu denc dundam;
daman, barewul kàttan,
te day dëkk ciy doj;
soccet, amul buur,
teewul ñuy àndandoo, diy gàngoor;
sindax, manees na koo ŋëb,
teewul ma nga biir kër buur."
30:29-31,"Ñett a ngii, ñu jekkum ndaag,
ba ci ñeent ñu jekk doxin:
gaynde, mooy buuru rab yi,
ragalul kenn;
séq daagu, jekk taxawaay;
ab sikket,
ak buur ci biiri dagam."
30:32:00,"Boo sàgganee bay tëggu,
mbaa ngay mébét lu bon,
nanga téye saw làmmiñ."
30:33:00,"Ndax ku ruux soow, am ca dax,
ku wañaar bakkan, mu nàcc,
te lu jógal xol, indiw ay."
31:01:00,"Lii waxi Lemuyel la, buuru Maasai, te ndeyam jàngal ko ko. Mu ne:"
31:02:00,"Ngóor si doom, saa doomi bopp!
Yaa di ñaan gu nangu, doom!"
31:03:00,"Bul jox jigéen ñi sa doole,
bul jox say siddit jigéen ñiy sànk buur."
31:04:00,"Buur moomul di naan biiñ, Lemuyel,
buur moomu ko;
kilifa moomul di sàkku ñoll."
31:05:00,"Lu ko moy mu naan, ba fàtte lu yoon tëral,
xañ néew-ji-doole ju ne àqam."
31:06:00,"Bàyyeel ñoll kuy sànku,
bàyyeel biiñ boroom naqar."
31:07:00,"Bu ñu naanee, fàtte seen néewle,
ba dootuñu fàttaliku seenu tiis."
31:08:00,"Nanga àddul ku amul kàddu,
ku sësul fenn, nga ñoŋal àqam."
31:09:00,"Deel àddu, di àtte njub;
ku ñàkk ak ku néewle, nga sàmm àqam."
31:10:00,"Jeeg bu jàmbaare, ndaw lu jafe,
ba rawati gànjar!"
31:11:00,"Jëkkër ja da koy wóolu,
te jëkkër ja day am xéewal, du ko ñàkk."
31:12:00,"Day defal jëkkëram lu baax, du ko lor,
te di ànd ak bakkan."
31:13:00,"Day wut kawari gàtt aki wëñ,
di ca liggéeye mbégte."
31:14:00,"Day mel ni gaalu jula,
di jëli dundam fu sore."
31:15:00,"Day jóg te bët setul,
di waajal njëlu njabootam,
aka sas ay janqam."
31:16:00,"Day seetlu ab tool, jënd ko,
sàkk ciw ñaqam, jëmbat tóokër."
31:17:00,"Day gañu di góor-góorlu
aka dëgëral përëg ya."
31:18:00,"Day gis njartel liggéeyam,
te làmpam du fey guddi."
31:19:00,"Ma ngay yor poqe
ak këccu, di ëcc."
31:20:00,"Day jox ku ñàkk,
di sàkkal néew-ji-doole."
31:21:00,"Tiitul ci njaboot gi sedd bu metti,
ndax ñoom ñépp ay tegley yére."
31:22:00,"Mooy sàkkal boppam ay malaan,
ay yéreem mucc ayib te yànj."
31:23:00,"Dees na ràññee jëkkëram ca pénc ma,
fa muy toog ca magi réew ma."
31:24:00,"Ndaw su ni mel day ràbb ay yére, di jaay,
aki gañaay, di jox jaaykat yi."
31:25:00,"Faaydaak jom la làmboo,
te ëllëg ubul boppam."
31:26:00,"Day wax lu xelu,
di digle ngor."
31:27:00,"Jigéen jooju mooy bàyyi xel ci njabootam,
te du nangoo yàccaaral."
31:28:00,Doom ya dañu ko naan: «Jarawlakk!»
31:29:00,"Jëkkër ja di ko gërëm naan:
«Jeeg bu jàmbaare bare na,
waaye yaw, yaa ci raw.»"
31:30:00,"Melokaan wu jekk day naxe, taar day wéy,
waaye jigéen ju ragal Aji Sax ji,
kookoo jara gërëm."
31:31:00,"Joxleen ko njukkalu ñaqam,
jëfam di woyam ca pénc ma."